record_id,parent_id,title,artist_client,date,catalogue,roles,credits,public_sources,review_status,corrected_value,owner_notes,display_order
cosmic-records-history,,Cosmic Records — Catalogue History,DJ’s Friction & Spice / Voyager / The Beat Brothers,Vinyl chronology begins January 1996,"{""label"": ""Cosmic Records archive""}",Artist | Composer | Producer | Catalogue Participant,[],"[{""label"": ""Artist source photographs"", ""href"": ""https://drive.google.com/drive/folders/1mVnF4skqn2V0ox57tQXu8UrTVVV-iVpi"", ""supports"": ""Label and pressing references supplied by the artist.""}]",awaiting-owner-review,,,
groove-me,cosmic-records-history,Groove Me,DJ’s Friction & Spice,Exact date unresolved,COSMIC 001,Co-writer | Co-producer | Co-arranger,[],[],awaiting-owner-review,Display order: Groove Me (Original); Groove Me (Dub).,"2026-09-20: Owner requires original versions first across all releases. Track-order confirmation only; other review fields remain open. 2026-09-21: Owner confirmed credits across listed tracks/versions: All listed tracks and versions written, produced and arranged by Justin Scott Dixon and Jeff Alderson. Credit review confirmed; dates and current artwork remain under review.",
cosmic-002,cosmic-records-history,Pure / Journees,DJ’s Friction & Spice,Exact date unresolved,COSMIC 002,Writer | Arranger | Co-producer,[],[],awaiting-owner-review,,2026-09-21: Owner confirmed credits across listed tracks/versions: All listed tracks written and arranged by Justin Scott Dixon; produced by Justin Scott Dixon and Jeff Alderson. Credit review confirmed; dates and current artwork remain under review.,
cosmic-003,cosmic-records-history,You Make Me Feel So Good,DJ’s Friction & Spice,©1996 label,COSMIC 003,Co-writer | Co-producer | Co-arranger,[],[],awaiting-owner-review,,"2026-09-21: Owner confirmed credits across listed tracks/versions: All listed tracks and versions written, produced and arranged by Justin Scott Dixon and Jeff Alderson. Credit review confirmed; dates and current artwork remain under review.",
cosmic-004,cosmic-records-history,Ah Yeah,The Beat Brothers,©1996 label,COSMIC 004,Co-writer | Co-producer | Co-arranger,[],[],awaiting-owner-review,,"2026-09-21: Owner confirmed credits across listed tracks/versions: Both tracks written, produced and arranged by Justin Scott Dixon and Jeff Alderson. Credit review confirmed; dates and current artwork remain under review.",
cosmic-005,cosmic-records-history,Trixta / Friction,Voyager,1996 — public listing,COSMIC 005,Writer | Producer | Arranger,[],[],awaiting-owner-review,"Both Trixta and Friction written, produced and arranged by Justin Scott Dixon.","2026-09-20: Owner explicitly confirmed writing, production and arrangement credit for COSMIC 005. Date, side assignments and artwork approval remain unresolved; this is credit confirmation only.",
cosmic-006,cosmic-records-history,Funkee Ass Breaks Vol. 1,DJ’s Friction & Spice,©1996 label,COSMIC 006,Co-writer | Co-producer | Co-arranger,[],[],awaiting-owner-review,"All three tracks written, arranged and produced by Justin Scott Dixon and Jeff Alderson.","2026-09-21: Owner confirmed credits for Electronic Energy, Digital Overload and Get Down To The Funky Beat. Credit review confirmed; release-date review remains open.",
cosmic-007,cosmic-records-history,The Beat / Relax — also includes Slider,Voyager,©1996 label,COSMIC 007,Writer | Producer,[],[],awaiting-owner-review,"Written and produced by Voyager; applies to The Beat, Relax and Slider.","2026-09-21: Owner confirmed credits: Written and produced by Voyager; applies to The Beat, Relax and Slider. Dates and other review fields remain open.",
cosmic-008,cosmic-records-history,The Rhythm,DJ’s Friction & Spice,©1996 label,COSMIC 008,Co-writer / original | Co-arranger / original | Co-producer / original,[],[],awaiting-owner-review,"Written, arranged and produced by Justin Scott Dixon and Jeff Alderson. DJ Who credited for DJ Who’s Progressive Mix; keep remix production scoped to that version.","2026-09-21: Owner confirmed credits: Written, arranged and produced by Justin Scott Dixon and Jeff Alderson. DJ Who credited for DJ Who’s Progressive Mix; keep remix production scoped to that version. Dates and other review fields remain open.",
cosmic-009,cosmic-records-history,Remix LP,DJ’s Friction & Spice,1996 — public listing,COSMIC 009,Co-writer | Co-arranger | Co-producer,[],[],awaiting-owner-review,"Both listed remixes written, arranged and produced by Justin Scott Dixon and Jeff Alderson.","2026-09-21: Owner confirmed credits: Both listed remixes written, arranged and produced by Justin Scott Dixon and Jeff Alderson. Dates and other review fields remain open.",
cosmic-010,cosmic-records-history,Lost Worlds / Ultra Intense,Voyager,©1997 label,COSMIC 010,Writer | Producer,[],[],awaiting-owner-review,Both tracks written and produced by Voyager; replaces prior joint-credit attribution.,2026-09-21: Owner confirmed credits: Both tracks written and produced by Voyager; replaces prior joint-credit attribution. Dates and other review fields remain open.,
cosmic-011,cosmic-records-history,Rhythm Rockin’ / Future Funk,DJ’s Friction & Spice,1997 — public listing,COSMIC 011,Co-writer | Co-producer,[],[],awaiting-owner-review,Written and produced by Justin Scott Dixon and Jeff Alderson.,2026-09-21: Owner confirmed: Written and produced by Justin Scott Dixon and Jeff Alderson. Arrangement not confirmed. Dates and artwork remain separate review items.,
cosmic-012,cosmic-records-history,Acid Drop / Ah Yeah (RMX),The Beat Brothers,1997 label,COSMIC 012,Writer | Producer,[],[],awaiting-owner-review,Written and produced by Justin Scott Dixon (Voyager). Replaces prior duo credit.,2026-09-21: Owner confirmed: Written and produced by Justin Scott Dixon (Voyager). Replaces prior duo credit. Arrangement not confirmed. Dates and artwork remain separate review items.,
cosmic-013,cosmic-records-history,Work 4 Love,Three Wise Monkeys Meet DJ’s Friction & Spice,1997 — public listing,COSMIC 013,,[],[],awaiting-owner-review,Written and produced by Three Wise Monkeys. Removes unverified personal Collaborator role; no Justin writing or production credit inferred. Release artist identity retained.,2026-09-21: Owner confirmed: Written and produced by Three Wise Monkeys. Removes unverified personal Collaborator role; no Justin writing or production credit inferred. Release artist identity retained. Arrangement not confirmed. Dates and artwork remain separate review items.,
cosmic-014,cosmic-records-history,The E.P.,DJ’s Friction & Spice,©1998 label,COSMIC 014,Co-writer | Co-arranger | Production credited to DJ’s Friction & Spice,"[{""title"": ""Go With The Flow"", ""scope"": ""Logo side"", ""roles"": [""Co-writer"", ""Co-arranger""], ""evidence"": ""Artist-supplied label photograph transcribed in the master."", ""collaborators"": ""Jeff Alderson — co-writer and co-arranger"", ""note"": ""Release-wide production credit: Friction & Spice.""}, {""title"": ""Explorations"", ""scope"": ""Logo side"", ""roles"": [""Co-writer"", ""Co-arranger""], ""evidence"": ""Artist-supplied label photograph transcribed in the master."", ""collaborators"": ""Jason Morgan — co-writer and co-arranger"", ""note"": ""Release-wide production credit: Friction & Spice.""}, {""title"": ""Dark Knight"", ""scope"": ""This side"", ""roles"": [""Co-writer"", ""Co-arranger""], ""evidence"": ""Artist-supplied label photograph transcribed in the master."", ""collaborators"": ""Chris Hand — co-writer and co-arranger"", ""note"": ""Release-wide production credit: Friction & Spice.""}]","[{""label"": ""Discogs edition record"", ""href"": ""https://www.discogs.com/release/64237"", ""supports"": ""Edition and credit transcription retained in the master; database evidence.""}]",awaiting-owner-review,Production credited to DJ’s Friction & Spice unless otherwise noted.,2026-09-21: Owner confirmed default production attribution for COSMIC 014 as DJ’s Friction & Spice unless otherwise noted. Existing track-specific writing and arrangement retained; no blanket change to other releases or previously confirmed exceptions.,
cosmic-015,cosmic-records-history,Pure,Voyager,1998 — public listing,COSMIC 015,Artist,[],[],awaiting-owner-review,Title: Pure; remix release of COSMIC 002 Pure; Thorn’s Break remixed by Thorn. Friction’s Groove: remixed and produced solely by Justin Scott Dixon (Voyager). Original Mix: written and arranged by Justin Scott Dixon; produced by Justin Scott Dixon and Jeff Alderson.,"2026-09-22: Owner confirmed COSMIC 015 is Pure, a remix release of COSMIC 002. Frictions Groove was misinterpreted as part of the title and became known/published as Pure, Frictions Groove - Voyager. Thorn’s Break is a remix by Thorn; owner supplied tentative full name Dan Ramaswammi and requested online spelling verification. Online searches did not establish the full-name spelling; retain Thorn publicly pending verification. Writing and version-specific production/remix credits otherwise remain to be confirmed. Historical published title retained in public summary; release-family nesting remains pending. Owner subsequently confirmed Friction’s Groove was remixed and produced solely by Justin Scott Dixon (Voyager). This resolves that version’s remix and production credits; Thorn’s full-name spelling remains pending. Owner confirmed Original Mix retains COSMIC 002 credits: written and arranged by Justin Scott Dixon; produced by Justin Scott Dixon and Jeff Alderson.",
cosmic-016,cosmic-records-history,Get Jazzed Up,DJ’s Friction & Spice,1998 — public listing,COSMIC 016,Writer / producer / mixer: In The Mind,"[{""title"": ""In The Mind"", ""scope"": ""A1"", ""roles"": [""Writer"", ""Producer"", ""Mixer""], ""evidence"": ""Artist-supplied label photograph transcribed in the master; sole writing credit and Voyager production identity confirmed by the owner on 2026-09-22."", ""note"": ""B1 Alright (Breakbeat Mix) and B2 Alright (Hybrid Analogue Mix) are produced and mixed by L. Mullin & M. Truman and licensed from Final Phase Records; those credits are not assigned to Dixon.""}]","[{""label"": ""Discogs edition record"", ""href"": ""https://www.discogs.com/release/50155"", ""supports"": ""Edition and credit transcription retained in the master; database evidence.""}]",awaiting-owner-review,In The Mind: written solely by Justin Scott Dixon; Voyager production (Justin Scott Dixon); printed production and mixing credit J.S. Dixon.,2026-09-22: Owner clarified In The Mind is a Voyager production. Preserve the distinction between production identity Voyager (Justin Scott Dixon) and the vinyl release artist credit. Existing printed J.S. Dixon production/mixing credit retained. Owner subsequently confirmed sole writing credit for Justin Scott Dixon; licensed Alright credits unchanged.,
cosmic-017,cosmic-records-history,Time Travel E.P.,Voyager,1999 label,COSMIC 017,Writer | Producer,[],[],awaiting-owner-review,All tracks written and produced solely by Justin Scott Dixon (Voyager). Track titles: Time Travel Prt 1; Time Travel Prt 2.,2026-09-22: Owner confirmed sole writing and production by Justin Scott Dixon (Voyager) across all tracks on Time Travel E.P. Exact track titles subsequently confirmed by the owner: Time Travel Prt 1; Time Travel Prt 2. Spelling retained exactly as supplied; physical side assignments not inferred. Existing 1999 date and artwork approval preserved.,
time-travel,,"Time Travel / Time Travel, Part 2",Voyager,"July 11, 1999","{""label"": ""Voyager Recordings"", ""catalogNumber"": ""VR008"", ""barcode"": ""198704703652""}",Artist | Composer,[],"[{""label"": ""MusicBrainz release record"", ""href"": ""https://musicbrainz.org/release/a8e6c051-cc16-4926-a7d3-b077bbd0f000"", ""supports"": ""Title, artist, label, catalog number, barcode and release date""}, {""label"": ""IMDb soundtrack record"", ""href"": ""https://www.imdb.com/title/tt0286152/soundtrack/"", ""supports"": ""Time Travel soundtrack listing, writer, performer alias and label""}]",awaiting-owner-review,,,
one-voyager-remix,,One (Voyager Remix),Voyager,"February 26, 2001",{},Remixer,[],"[{""label"": ""MusicBrainz compilation record"", ""href"": ""https://musicbrainz.org/release/cbbd0c31-9d5f-416b-b916-ccb475a10d2e"", ""supports"": ""Voyager remix attribution and compilation date""}]",awaiting-owner-review,,,
two-worlds,,Two Worlds,Mike Hiratzka & Justin Scott Dixon,Digital listing: 2003 · vinyl edition: 2004 (database),"{""label"": ""Propulsion Records""}",Artist | Producer,[],"[{""label"": ""Beatport release record"", ""href"": ""https://www.beatport.com/artist/justin-scott-dixon/2884/releases"", ""supports"": ""Artists, label and release date""}, {""label"": ""Apple Music artist record"", ""href"": ""https://music.apple.com/us/artist/justin-scott-dixon/135623570"", ""supports"": ""Single title, artist identity and release year""}, {""label"": ""Discogs — PRP002 vinyl edition"", ""href"": ""https://www.discogs.com/release/264316"", ""supports"": ""Database reports 2004 vinyl edition and Original Mix / Descent Remix; not the digital release date.""}]",awaiting-owner-review,,,
someone-else-bloom,,Someone Else — Bloom,Voyager / Gabriel & Dresden,2004,{},Producer | Composer,[],"[{""label"": ""MusicBrainz release record"", ""href"": ""https://musicbrainz.org/release/de6dffe0-bd36-4a55-b172-c87b9c773095"", ""supports"": ""Track, artist and producer attribution""}, {""label"": ""AllMusic credit index"", ""href"": ""https://www.allmusic.com/artist/justin-scott-dixon-mn0000311941"", ""supports"": ""Bloom production and composition credit listing""}]",awaiting-owner-review,,,
audio-shock,,Audio Shock,Justin Dixon / Voyager,2005–2006,{},Designer | Developer,[],"[{""label"": ""Native Instruments User Library — Audio Shock 4.0"", ""href"": ""https://www.native-instruments.com/en/reaktor-community/reaktor-user-library/entry/show/4043/"", ""supports"": ""Title, author identity and October 2005 library record""}, {""label"": ""Native Instruments User Library — M/S Mixing"", ""href"": ""https://www.native-instruments.com/en/reaktor-community/reaktor-user-library/entry/show/4045/"", ""supports"": ""M/S design description, author identity and February 2006 record""}]",awaiting-owner-review,,,
unexpected,,Unexpected,Feature film directed by Sr. Premil,2026,{},Post-Production Sound | Re-Recording Mixer | Supervising Sound Editor | Music / Music Supervisor — Uncredited,[],"[{""label"": ""Prime Video release"", ""href"": ""https://www.amazon.com/gp/video/detail/0TZTA6DG1P3D0WPKRUKQTMSG14"", ""supports"": ""Released title, director, year and availability""}, {""label"": ""IMDb full credits"", ""href"": ""https://www.imdb.com/title/tt37786123/fullcredits/"", ""supports"": ""Named post-production roles and uncredited music designations""}]",awaiting-owner-review,,,
screen-credits-history,,Screen Credits — Selected History,"Film, television and soundtrack work",2002–2026,{},Re-Recording Mixer | Sound Mixer | Supervising Sound Editor | Sound Designer | Music Supervisor | Composer,[],"[{""label"": ""IMDb — Unexpected full credits"", ""href"": ""https://www.imdb.com/title/tt37786123/fullcredits/"", ""supports"": ""Post-production and uncredited music-role listings""}, {""label"": ""IMDb — Wild Ride full credits"", ""href"": ""https://www.imdb.com/title/tt11657016/fullcredits/"", ""supports"": ""Sound and music-supervisor listings""}, {""label"": ""IMDb — Inale full credits"", ""href"": ""https://www.imdb.com/title/tt1744772/fullcredits/"", ""supports"": ""Sound-department role listings""}, {""label"": ""IMDb — The Works full credits"", ""href"": ""https://www.imdb.com/title/tt0379033/fullcredits/"", ""supports"": ""Sound-mixer listing""}, {""label"": ""IMDb — Stark Raving Mad soundtrack"", ""href"": ""https://www.imdb.com/title/tt0286152/soundtrack/"", ""supports"": ""Time Travel soundtrack, writer and performer listing""}]",awaiting-owner-review,,,
chart-history,,Charts & reception,Justin Scott Dixon / Voyager,1999–2002,{},Artist,[],"[{""label"": ""Voyager — Time Travel"", ""href"": ""https://www.officialcharts.com/songs/voyager-time-travel/"", ""supports"": ""UK Independent Singles · No. 30 / UK Singles · No. 93""}, {""label"": ""Voyager — Panic EP"", ""href"": ""https://www.officialcharts.com/songs/voyager-panic-ep/"", ""supports"": ""UK Dance Singles · No. 19 / Independent Singles · No. 25""}, {""label"": ""Aria — One"", ""href"": ""https://www.officialcharts.com/songs/aria-one/"", ""supports"": ""UK Dance Singles · No. 14 / Independent Singles · No. 17 / Singles · No. 82""}, {""label"": ""Origin — Refined Intricacy"", ""href"": ""https://www.officialcharts.com/songs/origin-refined-intricacy/"", ""supports"": ""UK Independent Singles · No. 29""}, {""label"": ""Bedrock — Beautiful Strange"", ""href"": ""https://www.officialcharts.com/albums/bedrock-beautiful-strange/"", ""supports"": ""UK Independent Albums · No. 17""}, {""label"": ""Francesco Farfa — The Search"", ""href"": ""https://www.officialcharts.com/songs/francesco-farfa-the-search/"", ""supports"": ""UK Dance Singles · No. 30 / Independent Singles · No. 44""}, {""label"": ""Northern Exposure: chart history"", ""href"": ""https://www.officialcharts.com/albums/various-artists-northern-exposure-sasha-jon-digweed/"", ""supports"": ""Compilation-level chart record""}, {""label"": ""AllMusic: Expeditions"", ""href"": ""https://www.allmusic.com/album/northern-exposure-expeditions-mw0000666154"", ""supports"": ""Review and track placement""}, {""label"": ""The Mix: May 1999"", ""href"": ""https://www.worldradiohistory.com/UK/The-Mix/The-Mix-UK-1999-05-S-OCR.pdf"", ""supports"": ""Contemporary review, printed page 73""}, {""label"": ""Hi-Fi World: April 1999"", ""href"": ""https://www.worldradiohistory.com/UK/Hi-Fi-World/1999/Hi-Fi-World-1999-04.pdf"", ""supports"": ""Contemporary coverage, printed page 84""}, {""label"": ""Orlando Weekly review"", ""href"": ""https://www.orlandoweekly.com/music/review-northern-exposure-3-expeditions-2314359/"", ""supports"": ""Critical contemporary review""}, {""label"": ""Chart Log UK 2001"", ""href"": ""https://www.zobbel.de/cluk/CLUK2001.pdf"", ""supports"": ""Secondary report for Pure, not primary corroboration""}]",awaiting-owner-review,,,
studio-evolution,,Studio evolution,Justin Scott Dixon / Voyager,Early foundations → studio practice,{},Artist,[],"[{""label"": ""Artist interview"", ""href"": ""https://www.youtube.com/watch?v=R6sa-Mg2YaM"", ""supports"": ""Background interview; later case-study details also supplied directly by the artist.""}, {""label"": ""Almost Flew — Voyager Remix"", ""href"": ""https://music.apple.com/us/album/almost-flew-voyager-remix/1041178339?i=1041179562"", ""supports"": ""Release identity""}, {""label"": ""Super Progressive — early editing and production"", ""href"": ""https://www.youtube.com/watch?v=R6sa-Mg2YaM&t=2015"", ""supports"": ""Dixon recalls radio production and reel-to-reel editing. The AK1200 workflow is drawn from his later direct artist account, not verified by this timestamp.""}]",awaiting-owner-review,,,
cinematic-library,,Voyager: cinematic library,Justin Scott Dixon / Voyager,Software-instrument era,{},Artist,[],"[{""label"": ""Artist interview"", ""href"": ""https://www.youtube.com/watch?v=R6sa-Mg2YaM"", ""supports"": ""Background interview; later case-study details also supplied directly by the artist.""}]",awaiting-owner-review,,,
qvibe-immersive,,QVibe & immersive composition,Justin Scott Dixon / Voyager,Artist retrospective,{},Artist,[],"[{""label"": ""Artist reference playlist"", ""href"": ""https://www.youtube.com/playlist?list=PLv_XND-ZcK0F4nVgP9QMUt89RjHxLkiYI"", ""supports"": ""Related listening references; not a verified original QVibe sequence""}]",awaiting-owner-review,,,
ai-creative-practice,,AI in creative practice,Justin Scott Dixon / Voyager,Ongoing practice,{},Artist,[],"[{""label"": ""Prime Video release"", ""href"": ""https://www.amazon.com/gp/video/detail/0TZTA6DG1P3D0WPKRUKQTMSG14"", ""supports"": ""Released title, director, year and availability""}, {""label"": ""IMDb full credits"", ""href"": ""https://www.imdb.com/title/tt37786123/fullcredits/"", ""supports"": ""Named post-production roles and uncredited music designations""}]",awaiting-owner-review,,,
singles-remixes,,"Singles, remixes & photographed editions",Justin Scott Dixon / Voyager,Artist retrospective,{},Artist,[],"[{""label"": ""Artist source photographs"", ""href"": ""https://drive.google.com/drive/folders/1mVnF4skqn2V0ox57tQXu8UrTVVV-iVpi"", ""supports"": ""Label and pressing references supplied by the artist.""}, {""label"": ""Aria — One"", ""href"": ""https://www.discogs.com/release/4996"", ""supports"": ""Fire edition and remix credits""}, {""label"": ""Bradley — Rush"", ""href"": ""https://www.discogs.com/release/15434"", ""supports"": ""Fade edition and Voyager remix credit""}, {""label"": ""Voyager — Motion"", ""href"": ""https://www.discogs.com/release/48568"", ""supports"": ""Coded edition and track credits""}]",awaiting-owner-review,,,
nc-01,singles-remixes,Sunshine State of Mind — four-track sampler,Various artists,Edition date under review,162-531107-1,Contribution documented by edition,[],[],awaiting-owner-review,,,
nc-02,singles-remixes,Beautiful Strange,Bedrock,Edition date under review,BS1001pr; BS1001EP,Contribution documented by edition,[],[],awaiting-owner-review,,,
nc-03,singles-remixes,Altered-Ego-Trip (The Remix Album),Keoki,Edition date under review,MM80090-1,Contribution documented by edition,[],[],awaiting-owner-review,,,
nc-04,singles-remixes,Magic Shop,"Stef, Pako & Frederik",Edition date under review,CODE10,Contribution documented by edition,[],[],awaiting-owner-review,,,
nc-05,singles-remixes,Acid X-Mas — Special X-Mas E.P.,Various artists,Edition date under review,SB-013,Contribution documented by edition,[],[],awaiting-owner-review,,,
nc-06,singles-remixes,Refined Intricacy ’99,Origin,Edition date under review,SYW006 — database corroborated,Contribution documented by edition,[],[],awaiting-owner-review,,,
nc-07,singles-remixes,Mellow,MOT,Edition date under review,314-570285-1DJ,Contribution documented by edition,[],[],awaiting-owner-review,,,
nc-08,singles-remixes,Sunshine State of Mind — full-album sleeve,Various artists,Edition date under review,Photographed edition pending,Contribution documented by edition,[],[],awaiting-owner-review,,,
nc-09,singles-remixes,Music from Tranceport 3,Various artists / Sandra Collins,Edition date under review,0-54648 P,Writer / producer: Motion (Stereo Edit),"[{""title"": ""Motion (Stereo Edit)"", ""scope"": ""A1"", ""roles"": [""Writer"", ""Producer""], ""evidence"": ""Artist-supplied label photograph transcribed in the master."", ""collaborators"": ""Sam Frost — additional keyboard production; Sandra Collins — compilation"", ""note"": ""Credit is specific to the Voyager recording on this vinyl sampler.""}]","[{""label"": ""Discogs edition record"", ""href"": ""https://www.discogs.com/release/899011"", ""supports"": ""Edition and credit transcription retained in the master; database evidence.""}]",awaiting-owner-review,,,
nc-10,singles-remixes,Rush,Bradley,Edition date under review,FD-015,Remixer | Additional producer,"[{""title"": ""Rush (Voyager’s Big Speaker Remix)"", ""scope"": ""B"", ""roles"": [""Remixer"", ""Additional producer""], ""evidence"": ""Database credit transcribed in the master; original packaging comparison pending."", ""collaborators"": ""Brad Harper — original writer and producer"", ""note"": ""Echo’s Wave Dub is the other version on this edition.""}]","[{""label"": ""Discogs edition record"", ""href"": ""https://www.discogs.com/master/203684"", ""supports"": ""Edition and credit transcription retained in the master; database evidence.""}, {""label"": ""Discogs edition record"", ""href"": ""https://www.discogs.com/release/15434"", ""supports"": ""Edition and credit transcription retained in the master; database evidence.""}]",awaiting-owner-review,,,
nc-11,singles-remixes,"Ocean Wave E.P. — Voyager Remixes, disk three",Ocean Wave,Edition date under review,RHYSYN005R,Remixer | Additional producer,"[{""title"": ""Velvet (Voyager Remix 1)"", ""scope"": ""A"", ""roles"": [""Remixer"", ""Additional producer""], ""evidence"": ""Database credit transcribed in the master; original packaging comparison pending."", ""collaborators"": ""Kasey Taylor — original writing, production and mixing""}, {""title"": ""Velvet (Voyager Remix 2)"", ""scope"": ""B"", ""roles"": [""Remixer"", ""Additional producer""], ""evidence"": ""Database credit transcribed in the master; original packaging comparison pending."", ""collaborators"": ""Kasey Taylor — original writing, production and mixing""}]","[{""label"": ""Discogs edition record"", ""href"": ""https://www.discogs.com/release/4872"", ""supports"": ""Edition and credit transcription retained in the master; database evidence.""}]",awaiting-owner-review,,,
nc-12,singles-remixes,Motion / One or Two,Voyager,Edition date under review,CODE 012,Writer | Producer,"[{""title"": ""Motion"", ""scope"": ""A"", ""roles"": [""Writer"", ""Producer""], ""evidence"": ""Database credit transcribed in the master; original packaging comparison pending."", ""collaborators"": ""Sam Frost — additional keyboard production""}, {""title"": ""One or Two"", ""scope"": ""B"", ""roles"": [""Writer"", ""Producer""], ""evidence"": ""Database credit transcribed in the master; original packaging comparison pending.""}]","[{""label"": ""Discogs edition record"", ""href"": ""https://www.discogs.com/release/48568"", ""supports"": ""Edition and credit transcription retained in the master; database evidence.""}]",awaiting-owner-review,,,
nc-13,singles-remixes,One — Fire edition,Aria,Edition date under review,ERIF 008,Co-writer | Co-producer | Remixer / additional producer: Voyager Mix,"[{""title"": ""One (Original Mix)"", ""scope"": ""Original recording"", ""roles"": [""Co-writer"", ""Co-producer""], ""evidence"": ""Database credit transcribed in the master; original packaging comparison pending."", ""collaborators"": ""Rich Rosario — co-writer and co-producer""}, {""title"": ""One (Voyager Mix)"", ""scope"": ""AA"", ""roles"": [""Remixer"", ""Additional producer""], ""evidence"": ""Database credit transcribed in the master; original packaging comparison pending."", ""note"": ""Voyager remix credit is distinct from the original writing and production.""}]","[{""label"": ""Discogs edition record"", ""href"": ""https://www.discogs.com/master/247131"", ""supports"": ""Edition and credit transcription retained in the master; database evidence.""}, {""label"": ""Discogs edition record"", ""href"": ""https://www.discogs.com/release/4996"", ""supports"": ""Edition and credit transcription retained in the master; database evidence.""}]",awaiting-owner-review,,,
nc-14,singles-remixes,Groove Me — Sueños edition,DJ’s Friction & Spice,Edition date under review,Exact reference pending,Contribution documented by edition,[],[],awaiting-owner-review,,,
nc-15,singles-remixes,High Plains Drifter,System 7,Edition date under review,AAWT702,Remixer | Additional producer,"[{""title"": ""High Plains Drifter (Voyager Remix)"", ""scope"": ""A"", ""roles"": [""Remixer"", ""Additional producer""], ""evidence"": ""Artist-supplied label photograph transcribed in the master.""}]",[],awaiting-owner-review,,,
nc-16,singles-remixes,Ultra Vixens — Undercurrent edition,Thomas P. Heckmann & Marc Romboy,Edition date under review,Pending; UNC12003 is a public lead,Contribution documented by edition,[],[],awaiting-owner-review,,,
nc-17,singles-remixes,Free,MAD,Edition date under review,CF-2834,Contribution documented by edition,[],[],awaiting-owner-review,,,
nc-18,singles-remixes,Beyond / Feel,Aria,Edition date under review,DR-1002,Co-writer | Co-producer | Co-arranger,"[{""title"": ""Beyond"", ""scope"": ""A"", ""roles"": [""Co-writer"", ""Co-producer"", ""Co-arranger""], ""evidence"": ""Database credit transcribed in the master; original packaging comparison pending."", ""collaborators"": ""Rich Rosario — co-writer, co-producer and co-arranger""}, {""title"": ""Feel"", ""scope"": ""B"", ""roles"": [""Co-writer"", ""Co-producer"", ""Co-arranger""], ""evidence"": ""Database credit transcribed in the master; original packaging comparison pending."", ""collaborators"": ""Rich Rosario — co-writer, co-producer and co-arranger""}]","[{""label"": ""Discogs edition record"", ""href"": ""https://www.discogs.com/release/136652"", ""supports"": ""Edition and credit transcription retained in the master; database evidence.""}]",awaiting-owner-review,,,
production-engineering-credits,,"Production, engineering & mastering",Justin Scott Dixon · selected collaborations,1997–2007 documented editions; some dates unresolved,{},Producer | Remixer | Engineer | Mixer | Editor | Mastering engineer,[],"[{""label"": ""Discogs — Justin Scott Dixon credit index"", ""href"": ""https://www.discogs.com/artist/17125-Justin-Scott-Dixon"", ""supports"": ""Discovery index only. Each release below has its own edition source and scope qualification.""}]",awaiting-owner-review,,,
d111,production-engineering-credits,The Diversity Twins EP,Tiny & Dominick featuring Sunny,1997 — database edition year,KNIGHT-015,Co-writer / co-producer / engineer: Emotional Circumference,"[{""title"": ""Emotional Circumference"", ""scope"": ""A"", ""roles"": [""Co-writer"", ""Co-producer"", ""Engineer""], ""evidence"": ""Database credit transcribed in the master; original packaging comparison pending."", ""collaborators"": ""DJ Dominick — shared writing, production and engineering; Sunny — vocals"", ""note"": ""The Sleeper on side B is credited to DJ Tiny. Chris Hand also carries general writing, production and engineering credits in the edition listing.""}]","[{""label"": ""Discogs edition record"", ""href"": ""https://www.discogs.com/release/155609"", ""supports"": ""Edition and credit transcription retained in the master; database evidence.""}]",awaiting-owner-review,,,
d112,production-engineering-credits,Enlighten Me,Enlighten Us,1997 — database edition year,URS001,Co-remixer: The Boyser Dub Mix,"[{""title"": ""Enlighten Me (The Boyser Dub Mix)"", ""scope"": ""A"", ""roles"": [""Co-remixer""], ""evidence"": ""Database credit transcribed in the master; original packaging comparison pending."", ""collaborators"": ""Chris Hand and Dave Cannalte — co-remixers"", ""note"": ""The Mr Knightlife and AGH Conspiracy Trance versions carry separate mix identities.""}]","[{""label"": ""Discogs edition record"", ""href"": ""https://www.discogs.com/release/272169"", ""supports"": ""Edition and credit transcription retained in the master; database evidence.""}]",awaiting-owner-review,,,
d115,production-engineering-credits,Touch Me,Pilgrim State featuring Sunny,1998 — database edition year,KNIGHT-016,Engineer,"[{""title"": ""Touch Me"", ""scope"": ""Edition-level credit; mix allocation unspecified"", ""roles"": [""Engineer""], ""evidence"": ""Database credit transcribed in the master; original packaging comparison pending."", ""collaborators"": ""Chris Hand — writing, production and engineering; Damion Riccio — writing, production and vocals"", ""note"": ""The edition includes Club Mix, Radio Edit and Mr Knight Life fREeMIX. The source does not allocate Dixon’s engineering credit to an individual version.""}]","[{""label"": ""Discogs edition record"", ""href"": ""https://www.discogs.com/release/14610"", ""supports"": ""Edition and credit transcription retained in the master; database evidence.""}]",awaiting-owner-review,,,
d116,production-engineering-credits,Sun God,DJ Apache,1998 — database edition year,KNIGHT-017,Co-writer / co-producer / engineer: Apache’s Hiani River Break Mix,"[{""title"": ""Sun God (Apache’s Hiani River Break Mix)"", ""scope"": ""B"", ""roles"": [""Co-writer"", ""Co-producer"", ""Engineer""], ""evidence"": ""Database credit transcribed in the master; original packaging comparison pending."", ""collaborators"": ""Chris Hand — co-writer, co-producer and engineer; Lance Cashion — co-writer and co-producer"", ""note"": ""The A-side Melee Deep House Remix is a separate version.""}]","[{""label"": ""Discogs edition record"", ""href"": ""https://www.discogs.com/release/172934"", ""supports"": ""Edition and credit transcription retained in the master; database evidence.""}]",awaiting-owner-review,,,
d139,production-engineering-credits,Usuaya: The Key,Cliff Tangredi,2000 — database edition year,No catalog number reported,Editor | Mastering engineer,"[{""title"": ""Usuaya: The Key"", ""scope"": ""Whole mix"", ""roles"": [""Editor"", ""Mastering engineer""], ""evidence"": ""Database credit transcribed in the master; original packaging comparison pending."", ""collaborators"": ""Cliff Tangredi — DJ mix"", ""note"": ""The appearance of Shimmer in the tracklist does not establish a separate recording credit for Dixon.""}]","[{""label"": ""Discogs edition record"", ""href"": ""https://www.discogs.com/release/607357"", ""supports"": ""Edition and credit transcription retained in the master; database evidence.""}]",awaiting-owner-review,,,
d140,production-engineering-credits,Breaks Are Delicious,DJ Spice,2001 — database edition year,No catalog number reported,Mastering engineer,"[{""title"": ""Breaks Are Delicious"", ""scope"": ""Release-level mastering credit"", ""roles"": [""Mastering engineer""], ""evidence"": ""Database credit transcribed in the master; original packaging comparison pending."", ""collaborators"": ""DJ Spice — DJ mix"", ""note"": ""The shared name does not establish a Friction & Spice group credit.""}]","[{""label"": ""Discogs edition record"", ""href"": ""https://www.discogs.com/release/732173"", ""supports"": ""Edition and credit transcription retained in the master; database evidence.""}]",awaiting-owner-review,,,
d125,production-engineering-credits,Burning The Candle At Both Ends — LP Sampler,Cass & Slide,March 2002 — database edition date,ERIFLP002,Co-producer: JFOK / All The Freaks | Producer: Sign Your Name,"[{""title"": ""JFOK"", ""scope"": ""A"", ""roles"": [""Co-producer""], ""evidence"": ""Database credit transcribed in the master; original packaging comparison pending.""}, {""title"": ""All The Freaks (Dark Globe Remix)"", ""scope"": ""B"", ""roles"": [""Co-producer""], ""evidence"": ""Database credit transcribed in the master; original packaging comparison pending."", ""collaborators"": ""Dark Globe — remixer""}, {""title"": ""Sign Your Name (Neon Heights Vocal Remix)"", ""scope"": ""D"", ""roles"": [""Producer""], ""evidence"": ""Database credit transcribed in the master; original packaging comparison pending."", ""collaborators"": ""Neon Heights — remixer; Sam Mollison — vocals"", ""note"": ""No Dixon-specific credit is assigned to C, Spanker, in the reviewed edition.""}]","[{""label"": ""Discogs edition record"", ""href"": ""https://www.discogs.com/release/34268"", ""supports"": ""Edition and credit transcription retained in the master; database evidence.""}]",awaiting-owner-review,,,
d126,production-engineering-credits,Sign Your Name,Cass/Slide,2002 — database edition year,ERIFTT001,Producer,"[{""title"": ""Sign Your Name"", ""scope"": ""Production credit on the reviewed edition"", ""roles"": [""Producer""], ""evidence"": ""Database credit transcribed in the master; original packaging comparison pending."", ""collaborators"": ""Neon Heights — remixes; Sam Mollison — vocals on the Vocal Mix"", ""note"": ""The edition pairs Neon Heights Vocal Mix and Neon Heights Dub Mix. Reported pressing quantities remain unverified and are omitted.""}]","[{""label"": ""Discogs edition record"", ""href"": ""https://www.discogs.com/release/994703"", ""supports"": ""Edition and credit transcription retained in the master; database evidence.""}]",awaiting-owner-review,,,
d127,production-engineering-credits,Burnt Out EP,Cass & Slide,2002 — database edition year,ERIFX001,Co-engineer: Valium Behaviour,"[{""title"": ""Valium Behaviour"", ""scope"": ""A2"", ""roles"": [""Co-engineer""], ""evidence"": ""Database credit transcribed in the master; original packaging comparison pending."", ""collaborators"": ""Pete Martin — co-engineer"", ""note"": ""The reviewed page does not assign a Dixon-specific credit to Faith Less, Havoc or The Doors (Faith Restored).""}]","[{""label"": ""Discogs edition record"", ""href"": ""https://www.discogs.com/release/38453"", ""supports"": ""Edition and credit transcription retained in the master; database evidence.""}]",awaiting-owner-review,,,
d095,production-engineering-credits,Create:Fixate Volume 1,Various artists,December 2005 — database edition date,No catalog number reported,Mastering engineer: Cerulean Blue,"[{""title"": ""Cerulean Blue"", ""scope"": ""Track 12"", ""roles"": [""Mastering engineer""], ""evidence"": ""Database credit transcribed in the master; original packaging comparison pending."", ""collaborators"": ""Gruvhaus vs ColorFreQ — recording artist"", ""note"": ""Kenneth Graham has the whole-album mastering credit. Dixon’s credit is limited to this track.""}]","[{""label"": ""Discogs edition record"", ""href"": ""https://www.discogs.com/release/646831"", ""supports"": ""Edition and credit transcription retained in the master; database evidence.""}]",awaiting-owner-review,,,
d129,production-engineering-credits,Gravity Pimps E.P.,Matt Xavier / Sean Palm,February 2007 — database vinyl date,RYR006,Mixing engineer,"[{""title"": ""Gravity Pimps E.P."", ""scope"": ""Release-level mixing credit"", ""roles"": [""Mixing engineer""], ""evidence"": ""Database credit transcribed in the master; original packaging comparison pending."", ""collaborators"": ""Sean Palm — Pluce (A); Matt Xavier — Quazy (B) and vinyl mastering"", ""note"": ""Later digital/distributor dates remain separate from the vinyl edition.""}]","[{""label"": ""Discogs edition record"", ""href"": ""https://www.discogs.com/release/905900"", ""supports"": ""Edition and credit transcription retained in the master; database evidence.""}]",awaiting-owner-review,,,
d130,production-engineering-credits,Mankind,Kyng Nova & Friction,Release date unresolved,B-15,Co-writer | Co-producer,"[{""title"": ""Mankind"", ""scope"": ""Release-level writing and production"", ""roles"": [""Co-writer"", ""Co-producer""], ""evidence"": ""Database credit transcribed in the master; original packaging comparison pending."", ""collaborators"": ""Nick Nawrocki — co-writer and co-producer"", ""note"": ""The edition lists Mankind, Dub and Instrumental. An inferred catalog-sequence date is not used as a release date.""}]","[{""label"": ""Discogs edition record"", ""href"": ""https://www.discogs.com/release/289076"", ""supports"": ""Edition and credit transcription retained in the master; database evidence.""}]",awaiting-owner-review,,,
d131,production-engineering-credits,Cystamatic,Brian Van Dalen,Release date unresolved,IMP001,Mastering engineer,"[{""title"": ""Cystamatic"", ""scope"": ""Release-level mastering credit"", ""roles"": [""Mastering engineer""], ""evidence"": ""Database credit transcribed in the master; original packaging comparison pending."", ""collaborators"": ""Brian Van Dalen — recording artist"", ""note"": ""The edition lists Main on A and Icabods Dream on B; the release year remains unresolved.""}]","[{""label"": ""Discogs edition record"", ""href"": ""https://www.discogs.com/release/15319731"", ""supports"": ""Edition and credit transcription retained in the master; database evidence.""}]",awaiting-owner-review,,,
navigator,,Navigator,Voyager,"February 27, 2007 — digital release","{""label"": ""Voyager Recordings"", ""catalogNumber"": ""VRG 001 — database reference""}",Artist,[],"[{""label"": ""Apple Music — Navigator"", ""href"": ""https://music.apple.com/us/album/navigator/218408971"", ""supports"": ""Digital release identity, February 27, 2007 date, eleven tracks and Voyager Recordings label; checked September 16, 2026.""}, {""label"": ""MusicBrainz — Navigator"", ""href"": ""https://musicbrainz.org/release/817b7063-c8a0-46ea-b936-e8016c318921"", ""supports"": ""Secondary track sequence, continuous mix and VRG 001 catalog reference.""}, {""label"": ""Discogs — Navigator edition"", ""href"": ""https://www.discogs.com/release/1639669"", ""supports"": ""Edition identity retained in the master, Record 33.""}]",awaiting-owner-review,,,
groove-me-anniversary,,Groove Me (Twenty Fifth Anniversary Remix Edition),DJ’s Friction & Spice,2021 — anniversary edition; exact release date unresolved,"{""label"": ""Voyager Recordings"", ""catalogNumber"": ""003 — database reference""}",Writer | Composer,[],"[{""label"": ""Qobuz — anniversary edition"", ""href"": ""https://www.qobuz.com/us-en/album/groove-me-twenty-fifth-anniversary-remix-edition-djs-friction-spice/hrpm3q05yuzdb"", ""supports"": ""Six tracks, writer/composer and guest-remixer credits; checked September 16, 2026. Copyright dates are not treated as edition release dates.""}, {""label"": ""Discogs — anniversary edition"", ""href"": ""https://www.discogs.com/release/16773015"", ""supports"": ""2021 edition and Voyager Recordings 003 catalog reference retained in the master.""}]",awaiting-owner-review,,,
compilation-appearances,,Compilation appearances,Voyager · Justin Scott Dixon · selected recordings,1997–2006 — edition dates qualified individually,{},Recording artist | Composer | Producer | Remixer,[],"[{""label"": ""Master research — public credit index"", ""href"": ""https://www.discogs.com/artist/17125-Justin-Scott-Dixon"", ""supports"": ""Discovery context; individual entries cite their compilation references.""}]",awaiting-owner-review,,,
d001,compilation-appearances,Sampling the Future,Donald Glaude,1997 — compilation source report,38001-2 — secondary CD reference,Recording artist: Voyager,"[{""title"": ""Ultra Intense"", ""scope"": ""Track position unresolved"", ""roles"": [""Recording artist: Voyager""], ""collaborators"": ""Donald Glaude — compilation / mix artist"", ""note"": ""The source identifies Voyager’s recording; precise mix and edition remain to be checked."", ""evidence"": ""Compilation evidence retained in the master; edition and booklet details remain qualified where unresolved.""}]","[{""label"": ""Discogs compilation reference"", ""href"": ""https://www.discogs.com/master/649308"", ""supports"": ""Compilation identity retained in the master; master references describe a release family.""}]",awaiting-owner-review,,,
d002,compilation-appearances,Bedrock Compiled & Mixed by John Digweed,John Digweed,1999 — compilation source report,INC10CD / UL 1050-2 — separate editions,Writer | Recording artist: Voyager,"[{""title"": ""Time Travel"", ""scope"": ""Disc 2 · track 6"", ""roles"": [""Writer"", ""Recording artist: Voyager""], ""collaborators"": ""John Digweed — compilation / mix artist"", ""note"": ""The source credits Justin Scott Dixon as writer. Part 1/Part 2 identity is not established by the compilation title."", ""evidence"": ""Compilation evidence retained in the master; edition and booklet details remain qualified where unresolved.""}]","[{""label"": ""Retained credit transcription"", ""href"": ""https://soundcloud.com/br09402/john-digweed-bedrock-disc-2-1999"", ""supports"": ""Time Travel writer attribution; secondary transcription cited in the master.""}, {""label"": ""Discogs compilation reference"", ""href"": ""https://www.discogs.com/master/38400"", ""supports"": ""Compilation identity retained in the master; master references describe a release family.""}, {""label"": ""Discogs compilation reference"", ""href"": ""https://www.discogs.com/release/77826"", ""supports"": ""Compilation identity retained in the master; master references describe a release family.""}]",awaiting-owner-review,,,
d003,compilation-appearances,Tranceport.3 — mix album,Sandra Collins,2000 — compilation source report,Catalog number unresolved,Recording artist: Voyager,"[{""title"": ""Motion"", ""scope"": ""Track 9"", ""roles"": [""Recording artist: Voyager""], ""collaborators"": ""Sandra Collins — compilation / mix artist"", ""note"": ""Full mix-album appearance. The separately photographed vinyl sampler specifies Motion (Stereo Edit); that subtitle is not automatically assigned here."", ""evidence"": ""Compilation evidence retained in the master; edition and booklet details remain qualified where unresolved.""}]","[{""label"": ""Discogs compilation reference"", ""href"": ""https://www.discogs.com/master/642648"", ""supports"": ""Compilation identity retained in the master; master references describe a release family.""}]",awaiting-owner-review,,,
d004,compilation-appearances,Renaissance: Awakening,Dave Seaman,2000 — compilation source report,REN1CD / RENCD1 — source variants,Composer | Recording artist: Voyager,"[{""title"": ""Motion"", ""scope"": ""Disc 2 · track 1"", ""roles"": [""Composer"", ""Recording artist: Voyager""], ""collaborators"": ""Dave Seaman — compilation / mix artist"", ""note"": ""Justin Scott Dixon is credited as composer. Territory date and printed catalog styling remain qualified."", ""evidence"": ""Compilation evidence retained in the master; edition and booklet details remain qualified where unresolved.""}]","[{""label"": ""AllMusic — Awakening"", ""href"": ""https://www.allmusic.com/album/renaissance-awakening-mw0000445545"", ""supports"": ""Track position and composer credit retained in the master.""}, {""label"": ""Discogs compilation reference"", ""href"": ""https://www.discogs.com/master/96945"", ""supports"": ""Compilation identity retained in the master; master references describe a release family.""}]",awaiting-owner-review,,,
d005,compilation-appearances,Stark Raving Mad — soundtrack album,John Digweed featuring Nick Muir,2003 — compilation source report,90704-2,Writer | Recording artist: Voyager,"[{""title"": ""Time Travel"", ""scope"": ""Disc 2 · track 8"", ""roles"": [""Writer"", ""Recording artist: Voyager""], ""collaborators"": ""John Digweed featuring Nick Muir — compilation / mix artist"", ""note"": ""The 2003 soundtrack album is separate from the film’s 2002 listing. The compilation title does not identify the original Part 1/Part 2 version."", ""evidence"": ""Compilation evidence retained in the master; edition and booklet details remain qualified where unresolved.""}]","[{""label"": ""MusicBrainz — soundtrack edition"", ""href"": ""https://musicbrainz.org/release/bb5af242-4fa6-4eec-91e7-6de33326ca06"", ""supports"": ""Track position and writer credit retained in the master.""}, {""label"": ""Discogs compilation reference"", ""href"": ""https://www.discogs.com/master/197156"", ""supports"": ""Compilation identity retained in the master; master references describe a release family.""}]",awaiting-owner-review,,,
d009,compilation-appearances,Underground Beats — Series 3 Volume 3,Various artists,1999 — compilation source report,UGB3003,Recording artist: Voyager,"[{""title"": ""Time Travel (Part 2)"", ""scope"": ""Disc 1 · track 5"", ""roles"": [""Recording artist: Voyager""], ""collaborators"": ""Various artists — compilation / mix artist"", ""note"": ""Compilation running time is not used as the original master duration."", ""evidence"": ""Compilation evidence retained in the master; edition and booklet details remain qualified where unresolved.""}]","[{""label"": ""Discogs compilation reference"", ""href"": ""https://www.discogs.com/release/588560"", ""supports"": ""Compilation identity retained in the master; master references describe a release family.""}]",awaiting-owner-review,,,
d010,compilation-appearances,UK Underground Beats — Volume 2,Various artists,1999 — compilation source report,UK1002,Recording artist: Voyager,"[{""title"": ""Time Travel (Part 2)"", ""scope"": ""Track position unresolved"", ""roles"": [""Recording artist: Voyager""], ""collaborators"": ""Various artists — compilation / mix artist"", ""note"": ""Separate CD Pool edition from UGB3003; original booklet comparison remains outstanding."", ""evidence"": ""Compilation evidence retained in the master; edition and booklet details remain qualified where unresolved.""}]","[{""label"": ""Discogs compilation reference"", ""href"": ""https://www.discogs.com/release/2580844"", ""supports"": ""Compilation identity retained in the master; master references describe a release family.""}]",awaiting-owner-review,,,
d014,compilation-appearances,Underground Beats — Series 3 Volume 7,Various artists,2000 — compilation source report,UGB3007,Recording artist: Voyager,"[{""title"": ""Panic"", ""scope"": ""Disc 2 · track 5"", ""roles"": [""Recording artist: Voyager""], ""collaborators"": ""Various artists — compilation / mix artist"", ""note"": ""The retained retailer listing identifies the track and position; final catalog/booklet verification remains outstanding."", ""evidence"": ""Compilation evidence retained in the master; edition and booklet details remain qualified where unresolved.""}]","[{""label"": ""Discogs compilation reference"", ""href"": ""https://www.discogs.com/release/3444963"", ""supports"": ""Compilation identity retained in the master; master references describe a release family.""}]",awaiting-owner-review,,,
d015,compilation-appearances,Cream,Sandra Collins,2001 — compilation source report,Full printed catalog unresolved,Producer,"[{""title"": ""Derangement of the Senses"", ""scope"": ""Track 7"", ""roles"": [""Producer""], ""collaborators"": ""Sandra Collins — compilation / mix artist"", ""note"": ""Producer credit names Justin Scott Dixon. The composition credit is displayed as Justin Scott; its spelling remains for booklet reconciliation."", ""evidence"": ""Compilation evidence retained in the master; edition and booklet details remain qualified where unresolved.""}]","[{""label"": ""AllMusic — Cream"", ""href"": ""https://www.allmusic.com/album/cream-mw0000015604"", ""supports"": ""Track 7 and production credit retained in the master.""}, {""label"": ""Discogs compilation reference"", ""href"": ""https://www.discogs.com/master/769757"", ""supports"": ""Compilation identity retained in the master; master references describe a release family.""}]",awaiting-owner-review,,,
d016,compilation-appearances,Perfecto Presents… Sandra Collins,Sandra Collins,2003 — compilation source report,90714-2,Recording artist: Voyager,"[{""title"": ""Cosmic Fugue"", ""scope"": ""Disc 1 · track 10"", ""roles"": [""Recording artist: Voyager""], ""collaborators"": ""Sandra Collins — compilation / mix artist"", ""note"": ""Booklet-level writing and production credits remain unverified."", ""evidence"": ""Compilation evidence retained in the master; edition and booklet details remain qualified where unresolved.""}, {""title"": ""Spectacle"", ""scope"": ""Disc 2 · track 10"", ""roles"": [""Recording artist: Voyager""], ""collaborators"": ""Sandra Collins — compilation / mix artist"", ""note"": ""Distinct from Perfecto Presents Sandra Collins Part 2, issued in 2006."", ""evidence"": ""Compilation evidence retained in the master; edition and booklet details remain qualified where unresolved.""}]","[{""label"": ""Discogs compilation reference"", ""href"": ""https://www.discogs.com/master/278944"", ""supports"": ""Compilation identity retained in the master; master references describe a release family.""}]",awaiting-owner-review,,,
d028,compilation-appearances,The 4 A.M. Sound of Progressive Trance,Jay Ell,2002 — compilation source report,LAK 33695CD,Composer | Producer,"[{""title"": ""Derangement of the Senses"", ""scope"": ""Track 1"", ""roles"": [""Composer"", ""Producer""], ""collaborators"": ""Jay Ell — compilation / mix artist"", ""note"": ""The retained source credits Justin Scott Dixon."", ""evidence"": ""Compilation evidence retained in the master; edition and booklet details remain qualified where unresolved.""}, {""title"": ""Words of Cavious"", ""scope"": ""Track 4"", ""roles"": [""Composer"", ""Producer""], ""collaborators"": ""Jay Ell — compilation / mix artist"", ""note"": ""Title spelling follows the retained source; original booklet spelling remains unverified."", ""evidence"": ""Compilation evidence retained in the master; edition and booklet details remain qualified where unresolved.""}]","[{""label"": ""AllMusic — The 4 A.M. Sound"", ""href"": ""https://www.allmusic.com/album/the-4-am-sound-of-progressive-trance-mw0000213612"", ""supports"": ""Track names, positions and composer/producer credits retained in the master.""}, {""label"": ""Discogs compilation reference"", ""href"": ""https://www.discogs.com/release/2095502"", ""supports"": ""Compilation identity retained in the master; master references describe a release family.""}]",awaiting-owner-review,,,
d092,compilation-appearances,Northern Exposure: Expeditions,Sasha + John Digweed,1999 — compilation source report,Ultra / INCredible — edition selection pending,Recording artist: Voyager,"[{""title"": ""Pure (Friction’s Groove)"", ""scope"": ""Disc 2 · track 5"", ""roles"": [""Recording artist: Voyager""], ""collaborators"": ""Sasha + John Digweed — compilation / mix artist"", ""note"": ""The placement is distinct from a singles-chart result. The related Cosmic releases retain their own edition identities."", ""evidence"": ""Compilation evidence retained in the master; edition and booklet details remain qualified where unresolved.""}]","[{""label"": ""AllMusic — Expeditions"", ""href"": ""https://www.allmusic.com/album/northern-exposure-expeditions-mw0000666154"", ""supports"": ""Compilation track placement retained in the master.""}, {""label"": ""Discogs compilation reference"", ""href"": ""https://www.discogs.com/master/1441"", ""supports"": ""Compilation identity retained in the master; master references describe a release family.""}]",awaiting-owner-review,,,
d032,compilation-appearances,Global Underground 014: Hong Kong,John Digweed,1999 — compilation source report,Edition catalog unresolved,Remixer,"[{""title"": ""Tribe & Trance (Voyager Remix)"", ""scope"": ""Track position unresolved"", ""roles"": [""Remixer""], ""collaborators"": ""John Digweed — compilation / mix artist"", ""note"": ""Title follows the compilation credit index. The source single also appears under Tribe N Trance / Tribe ’n’ Trance."", ""evidence"": ""Compilation evidence retained in the master; edition and booklet details remain qualified where unresolved.""}]","[{""label"": ""Discogs compilation reference"", ""href"": ""https://www.discogs.com/master/38413"", ""supports"": ""Compilation identity retained in the master; master references describe a release family.""}]",awaiting-owner-review,,,
d033,compilation-appearances,Global Underground Prototype > 3,Seb Fontaine,2000 — compilation source report,Edition catalog unresolved,Remixer,"[{""title"": ""Refined Intricacy ’99 (Voyager Remix)"", ""scope"": ""Track position unresolved"", ""roles"": [""Remixer""], ""collaborators"": ""Seb Fontaine — compilation / mix artist"", ""note"": ""This is the compilation family, separate from the Steel Yard single and unofficial cassette appearances."", ""evidence"": ""Compilation evidence retained in the master; edition and booklet details remain qualified where unresolved.""}]","[{""label"": ""Discogs compilation reference"", ""href"": ""https://www.discogs.com/master/897728"", ""supports"": ""Compilation identity retained in the master; master references describe a release family.""}]",awaiting-owner-review,,,
d036,compilation-appearances,Trance Nation 2001,Various artists,2001 — compilation source report,Edition catalog unresolved,Remixer,"[{""title"": ""Beautiful Strange (Voyager’s Platinum Remix)"", ""scope"": ""Track position unresolved"", ""roles"": [""Remixer""], ""collaborators"": ""Various artists — compilation / mix artist"", ""note"": ""The compilation names the Platinum remix. That does not resolve whether the photographed promo’s differently titled Voyager remix is identical."", ""evidence"": ""Compilation evidence retained in the master; edition and booklet details remain qualified where unresolved.""}]","[{""label"": ""Discogs compilation reference"", ""href"": ""https://www.discogs.com/master/956018"", ""supports"": ""Compilation identity retained in the master; master references describe a release family.""}]",awaiting-owner-review,,,
d039,compilation-appearances,Live Transmissions — reissue,System 7,2006 — compilation source report,AAWCD010,Remixer,"[{""title"": ""High Plains Drifter (Voyager)"", ""scope"": ""Track position unresolved"", ""roles"": [""Remixer""], ""collaborators"": ""System 7 — compilation / mix artist"", ""note"": ""The year describes this reissue, not the original single. Version wording follows the retained compilation index."", ""evidence"": ""Compilation evidence retained in the master; edition and booklet details remain qualified where unresolved.""}]","[{""label"": ""Discogs compilation reference"", ""href"": ""https://www.discogs.com/release/963575"", ""supports"": ""Compilation identity retained in the master; master references describe a release family.""}]",awaiting-owner-review,,,
